{
  "__type__": "cc.SpriteFrame",
  "content": {
    "name": "cross",
    "atlas": "",
    "rect": {
      "x": 0,
      "y": 13,
      "width": 274,
      "height": 263
    },
    "offset": {
      "x": 0,
      "y": -6.5
    },
    "originalSize": {
      "width": 274,
      "height": 276
    },
    "rotated": false,
    "capInsets": [
      0,
      0,
      0,
      0
    ],
    "vertices": {
      "rawPosition": [
        -137,
        -131.5,
        0,
        137,
        -131.5,
        0,
        -137,
        131.5,
        0,
        137,
        131.5,
        0
      ],
      "indexes": [
        0,
        1,
        2,
        2,
        1,
        3
      ],
      "uv": [
        0,
        263,
        274,
        263,
        0,
        0,
        274,
        0
      ],
      "nuv": [
        0,
        0,
        1,
        0,
        0,
        0.9528985507246377,
        1,
        0.9528985507246377
      ],
      "minPos": {
        "x": -137,
        "y": -131.5,
        "z": 0
      },
      "maxPos": {
        "x": 137,
        "y": 131.5,
        "z": 0
      }
    },
    "texture": "ddc1aafb-7c5b-45bf-b3b7-02f1c56f0a7d@6c48a",
    "packable": true,
    "pixelsToUnit": 100,
    "pivot": {
      "x": 0.5,
      "y": 0.5
    },
    "meshType": 0
  }
}