{
  "__type__": "cc.SpriteFrame",
  "content": {
    "name": "check",
    "atlas": "",
    "rect": {
      "x": 210,
      "y": 6,
      "width": 780,
      "height": 844
    },
    "offset": {
      "x": 0,
      "y": 13
    },
    "originalSize": {
      "width": 1200,
      "height": 882
    },
    "rotated": false,
    "capInsets": [
      0,
      0,
      0,
      0
    ],
    "vertices": {
      "rawPosition": [
        -390,
        -422,
        0,
        390,
        -422,
        0,
        -390,
        422,
        0,
        390,
        422,
        0
      ],
      "indexes": [
        0,
        1,
        2,
        2,
        1,
        3
      ],
      "uv": [
        210,
        876,
        990,
        876,
        210,
        32,
        990,
        32
      ],
      "nuv": [
        0.175,
        0.036281179138321996,
        0.825,
        0.036281179138321996,
        0.175,
        0.9931972789115646,
        0.825,
        0.9931972789115646
      ],
      "minPos": {
        "x": -390,
        "y": -422,
        "z": 0
      },
      "maxPos": {
        "x": 390,
        "y": 422,
        "z": 0
      }
    },
    "texture": "50cc12c7-aee6-4ef0-b2b4-b000554c3d63@6c48a",
    "packable": true,
    "pixelsToUnit": 100,
    "pivot": {
      "x": 0.5,
      "y": 0.5
    },
    "meshType": 0
  }
}